{"r2": 0.5627662991913986, "mae": 33.29904111842105, "feature_importance": {"_type": "image-file", "sha256": "efc576824969bccc26f59a7561228ab2198a792f3093a05c96a275e88532ec2e", "size": 33872, "path": "media/images/feature_importance_0_efc576824969bccc26f5.png", "format": "png", "width": 1000, "height": 1000}, "_timestamp": 1724680266.0109196, "_runtime": 257.08931159973145, "_step": 0, "_wandb": {"runtime": 256}}