{"r2": 0.5587931062939046, "mae": 33.07546820175439, "feature_importance": {"_type": "image-file", "sha256": "e16844d7027dfb756b6d80131f850ad98c24a5810a61b880860764cd92c2fcec", "size": 33304, "path": "media/images/feature_importance_0_e16844d7027dfb756b6d.png", "format": "png", "width": 1000, "height": 1000}, "_timestamp": 1724677820.713998, "_runtime": 146.79563212394714, "_step": 0, "_wandb": {"runtime": 146}}