{"r2": 0.5455149257920942, "mae": 33.123984375, "feature_importance": {"_type": "image-file", "sha256": "73ee8cd2bf6495869b99ccfabae557d77ea3b27290b982ffe05f0b0016daadd5", "size": 33326, "path": "media/images/feature_importance_0_73ee8cd2bf6495869b99.png", "format": "png", "width": 1000, "height": 1000}, "_timestamp": 1724679832.6313527, "_runtime": 201.59623956680298, "_step": 0, "_wandb": {"runtime": 201}}