{"r2": 0.5457932725291404, "mae": 33.13378125, "feature_importance": {"_type": "image-file", "sha256": "e3bcb3c291797e068b590a103f0e9e090f0fae451ad754a49e81f25074fe2a41", "size": 33325, "path": "media/images/feature_importance_0_e3bcb3c291797e068b59.png", "format": "png", "width": 1000, "height": 1000}, "_timestamp": 1724679617.9283686, "_runtime": 97.58520650863647, "_step": 0, "_wandb": {"runtime": 97}}