{"r2": 0.561655763713359, "mae": 33.3345427631579, "feature_importance": {"_type": "image-file", "sha256": "8c21d8132973d90e270e168179c1d3d43282bc13e18823b9cf3c5172ad8a56c3", "size": 33864, "path": "media/images/feature_importance_0_8c21d8132973d90e270e.png", "format": "png", "width": 1000, "height": 1000}, "_timestamp": 1724679985.0715075, "_runtime": 135.8217134475708, "_step": 0, "_wandb": {"runtime": 135}}